country,weights,K,recall,v1_recall,ms,delta_vs_v1
India,w1.0_g0.45_a1.0,20,0.7154,0.9175,9.6,-0.2021
India,w1.0_g0.45_a1.0,50,0.7302,0.9361,9.6,-0.2059
India,w1.0_g0.25_a1.2,20,0.7406,0.9175,9.6,-0.1769
India,w1.0_g0.25_a1.2,50,0.7559,0.9361,9.6,-0.1802
India,w1.0_g0.60_a1.0,20,0.7096,0.9175,9.7,-0.2079
India,w1.0_g0.60_a1.0,50,0.7234,0.9361,9.7,-0.2127
US,w1.0_g0.45_a1.0,20,0.8907,0.9807,12.1,-0.0900
US,w1.0_g0.45_a1.0,50,0.9097,0.9875,12.1,-0.0778
US,w1.0_g0.25_a1.2,20,0.9174,0.9807,12.1,-0.0633
US,w1.0_g0.25_a1.2,50,0.9348,0.9875,12.1,-0.0527
US,w1.0_g0.60_a1.0,20,0.8869,0.9807,12.1,-0.0938
US,w1.0_g0.60_a1.0,50,0.9066,0.9875,12.1,-0.0809
