threshold,macro_f05_all,macro_f05_haspos,precision,recall,fp,fn,avg_pred_per_entity,country
0.05,0.6661,0.7843,0.6901,0.9975,4298,24,3.47,India
0.1,0.696,0.8196,0.7392,0.9958,3371,40,3.23,India
0.15,0.7166,0.8438,0.7728,0.9941,2804,57,3.09,India
0.2,0.7305,0.8602,0.7971,0.9926,2424,71,2.99,India
0.25,0.7433,0.8753,0.8189,0.9917,2104,80,2.9,India
0.3,0.7544,0.8883,0.8379,0.991,1839,86,2.84,India
0.35,0.7628,0.8983,0.8524,0.9903,1645,93,2.79,India
0.4,0.7688,0.9053,0.8644,0.9888,1489,107,2.74,India
0.45,0.7751,0.9126,0.8746,0.9874,1358,121,2.71,India
0.5,0.7809,0.9195,0.8842,0.986,1239,134,2.67,India
0.55,0.7862,0.9258,0.8938,0.9849,1123,145,2.64,India
0.6,0.7909,0.9313,0.9032,0.9828,1011,165,2.61,India
0.65,0.7948,0.9359,0.9107,0.981,923,182,2.58,India
0.7,0.7973,0.9388,0.9176,0.9781,843,210,2.56,India
0.75,0.8007,0.9428,0.9261,0.9752,747,238,2.53,India
0.8,0.8036,0.9462,0.9342,0.9714,657,274,2.49,India
0.85,0.8077,0.9511,0.9438,0.966,552,326,2.46,India
0.9,0.8105,0.9543,0.9548,0.957,435,413,2.4,India
0.95,0.8091,0.9527,0.9695,0.9353,282,621,2.31,India
0.05,0.7531,0.8063,0.7408,0.9984,4173,19,4.03,US
0.1,0.7774,0.8323,0.7732,0.997,3493,36,3.85,US
0.15,0.7928,0.8488,0.7947,0.9955,3073,54,3.74,US
0.2,0.8039,0.8607,0.8106,0.9941,2775,70,3.66,US
0.25,0.8139,0.8714,0.8245,0.9931,2525,82,3.6,US
0.3,0.8237,0.8819,0.8372,0.992,2304,95,3.54,US
0.35,0.8325,0.8913,0.8503,0.9907,2084,111,3.48,US
0.4,0.8398,0.8991,0.8613,0.9888,1903,134,3.43,US
0.45,0.8465,0.9063,0.8713,0.9869,1741,156,3.38,US
0.5,0.8522,0.9124,0.8812,0.9847,1586,183,3.34,US
0.55,0.8568,0.9173,0.8898,0.9831,1455,202,3.3,US
0.6,0.8627,0.9236,0.8995,0.9809,1309,228,3.26,US
0.65,0.8689,0.9303,0.9099,0.9784,1158,258,3.21,US
0.7,0.8753,0.9372,0.921,0.9754,999,294,3.16,US
0.75,0.8807,0.9429,0.9311,0.9715,859,340,3.12,US
0.8,0.8854,0.948,0.9411,0.9659,722,407,3.07,US
0.85,0.8899,0.9528,0.9521,0.9593,577,486,3.01,US
0.9,0.8925,0.9555,0.9626,0.9476,440,626,2.94,US
0.95,0.8934,0.9565,0.9793,0.9258,234,886,2.82,US
