likely match,junk pair
77.777779,37.037037
77.777779,37.037037
77.777779,37.037037
74.074074,50.000000
0.927273,0.645604
87.500000,45.000000
89.473686,45.000000
87.500000,45.000000
85.714287,54.545456
0.892593,0.665189
0.200000,0.000000
0.333333,0.000000
1.000000,0.000000
8.000000,1.000000
0.500000,0.000000
0.750000,0.000000
3.000000,0.000000
6.000000,2.000000
1.000000,0.000000
1.000000,0.000000
1.000000,1.000000
0.000000,5.000000
0.000000,99.000000
0.910000,0.000000
1.000000,0.000000
0.000000,1.000000
1.000000,0.000000
0.000000,0.910000
1.000000,0.476190
0.000000,40.740742
1.000000,0.502941
0.000000,44.473686
2.000000,2.000000
