path,mb,group
outputs/holdout_split.parquet,21.88,outputs/holdout_split.parquet
outputs/holdout_ground_truth.tsv,19.05,outputs/holdout_ground_truth.tsv
outputs/lgbm_baseline.txt,5.58,outputs/lgbm_baseline.txt
src/__pycache__/infer.cpython-312.pyc,0.01,src/__pycache__
src/__pycache__/blocking.cpython-312.pyc,0.01,src/__pycache__
src/__pycache__/normalize.cpython-312.pyc,0.01,src/__pycache__
src/__pycache__/features.cpython-312.pyc,0.01,src/__pycache__
src/__pycache__/__init__.cpython-312.pyc,0.00,src/__pycache__
src/candidates.py,0.00,src/candidates.py
src/features.py,0.00,src/features.py
src/__pycache__/scorer.cpython-312.pyc,0.00,src/__pycache__
src/blocking.py,0.00,src/blocking.py
src/__init__.py,0.00,src/__init__.py
src/normalize.py,0.00,src/normalize.py
src/make_holdout.py,0.00,src/make_holdout.py
src/infer.py,0.00,src/infer.py
src/scorer.py,0.00,src/scorer.py
outputs/blocking-recall-by-k.csv,0.00,outputs/blocking-recall-by-k.csv
outputs/best-threshold-per-country.csv,0.00,outputs/best-threshold-per-country.csv
outputs/blocking-recall-and-candidate-counts.csv,0.00,outputs/blocking-recall-and-candidate-counts.csv
outputs/blocking-recall-by-country-and-k.csv,0.00,outputs/blocking-recall-by-country-and-k.csv
outputs/cosine-ranker-recall-by-k.csv,0.00,outputs/cosine-ranker-recall-by-k.csv
outputs/current-blocking-reduction-ratio.csv,0.00,outputs/current-blocking-reduction-ratio.csv
outputs/environment-resources.csv,0.00,outputs/environment-resources.csv
outputs/f-05-by-decision-threshold.csv,0.00,outputs/f-05-by-decision-threshold.csv
