threshold,deployed_India,deployed_US,transfer_India_to_US,transfer_US_to_India,mean_all4,min_all4,max_regret
0.05,0.6661,0.7531,0.7964,0.6461,0.7154,0.6461,0.1444
0.1,0.696,0.7774,0.8199,0.6776,0.7427,0.6776,0.116
0.15,0.7166,0.7928,0.8316,0.6962,0.7593,0.6962,0.1006
0.2,0.7305,0.8039,0.8374,0.7091,0.7702,0.7091,0.0895
0.25,0.7433,0.8139,0.8428,0.7181,0.7795,0.7181,0.0795
0.3,0.7544,0.8237,0.8468,0.7256,0.7876,0.7256,0.0697
0.35,0.7628,0.8325,0.8492,0.7318,0.7941,0.7318,0.0609
0.4,0.7688,0.8398,0.8518,0.7366,0.7992,0.7366,0.0536
0.45,0.7751,0.8465,0.8526,0.7406,0.8037,0.7406,0.0469
0.5,0.7809,0.8522,0.8555,0.7437,0.8081,0.7437,0.0412
0.55,0.7862,0.8568,0.8572,0.7469,0.8118,0.7469,0.0366
0.6,0.7909,0.8627,0.8574,0.75,0.8152,0.75,0.0307
0.65,0.7948,0.8689,0.8565,0.7521,0.8181,0.7521,0.0245
0.7,0.7973,0.8753,0.8571,0.7551,0.8212,0.7551,0.0181
0.75,0.8007,0.8807,0.8559,0.7576,0.8237,0.7576,0.0132
0.8,0.8036,0.8854,0.8527,0.7602,0.8255,0.7602,0.0106
0.85,0.8077,0.8899,0.8433,0.7642,0.8263,0.7642,0.0141
0.9,0.8105,0.8925,0.8312,0.7684,0.8256,0.7684,0.0262
0.95,0.8091,0.8934,0.8017,0.7708,0.8188,0.7708,0.0557
