s1_name,s1_addr,c_name,c_addr,name_jac,addr_jac
lakshmi technologies llp,b 16 industrial estate indore madhya pradesh,,b 16 industrial estate indore madhya pradesh,0.00,1.000000
nagpur solutions pvt ltd,maharashtra nagpur p no 18 1 i t park nagpur,nagpur solutions pvt,p no 18 1 i t park nagpur maharashtra,0.75,1.000000
unique producer pvt ltd,no a 6 new nakoda apt ahmedabad gujarat,,no a 6 new nakoda apt ahmedabad gujarat,0.00,1.000000
unique producer pvt ltd,no a 6 new nakoda apt ahmedabad gujarat,,no a 6 new nakoda apt ahmedabad gujarat,0.00,1.000000
nagpur solutions pvt ltd,maharashtra nagpur p no 18 1 i t park nagpur,nagpur solutions pvt ltd,p no 18 1 i t park nagpur maharashtra,1.00,1.000000
vadodara minerals co,gidc area makarpura vadodara gujarat,vadodaraminerals com,gidc area makarpura vadodara gujarat,0.00,1.000000
nagpur solutions pvt ltd,maharashtra nagpur p no 18 1 i t park nagpur,nagpur solution pvt ltd,p no 18 1 i t park nagpur,0.60,0.888889
nagpur solutions pvt ltd,maharashtra nagpur p no 18 1 i t park nagpur,nagpur solutions pvt ltd,p no 18 1 i t park nagpur,1.00,0.888889
lakshmi technologies llp,b 16 industrial estate indore madhya pradesh,lakshmi technlooigns llp,b 16 industrial estate madhya pradesh,0.50,0.857143
morph trading care,g t rd sasaram rohtas bihar,morphtradingcare com,g t rd sasaram rohtas,0.00,0.833333
nagpur solutions pvt ltd,maharashtra nagpur p no 18 1 i t park nagpur,ltd nagpur pvt services,p no 18 1 i t park nagpur mh,0.60,0.800000
nagpur solutions pvt ltd,maharashtra nagpur p no 18 1 i t park nagpur,nagpur sottugtgs pvt ltd,p no 18 1 i t park nagpur mh,0.60,0.800000
