library,status,version
numpy,OK,2.2.6
pandas,OK,2.3.1
scipy,OK,1.16.0
sklearn,OK,1.7.1
lightgbm,MISSING,ModuleNotFoundError
xgboost,MISSING,ModuleNotFoundError
catboost,MISSING,ModuleNotFoundError
rapidfuzz,MISSING,ModuleNotFoundError
jellyfish,MISSING,ModuleNotFoundError
Levenshtein,MISSING,ModuleNotFoundError
torch,MISSING,ModuleNotFoundError
sentence_transformers,MISSING,ModuleNotFoundError
optuna,MISSING,ModuleNotFoundError
pyarrow,OK,21.0.0
networkx,OK,3.5
faiss,MISSING,ModuleNotFoundError
recordlinkage,MISSING,ModuleNotFoundError
