threshold,micro_f05,precision,recall,macro_f05_haspos,macro_f05_all,tp,fp,fn,avg_pred_per_entity
0.05,0.8662,0.8399,0.9902,0.8912,0.7569,9501,1811,94,2.83
0.1,0.9059,0.8879,0.9862,0.9237,0.7844,9463,1195,132,2.66
0.15,0.9212,0.9067,0.9838,0.9356,0.7946,9440,971,155,2.6
0.2,0.9309,0.9193,0.9805,0.9422,0.8002,9408,826,187,2.56
0.25,0.9384,0.9292,0.9773,0.9462,0.8035,9377,715,218,2.52
0.3,0.9431,0.9359,0.9732,0.9494,0.8063,9338,640,257,2.49
0.35,0.9474,0.942,0.9696,0.9518,0.8083,9303,573,292,2.47
0.4,0.9507,0.9471,0.9656,0.9523,0.8087,9265,518,330,2.45
0.45,0.9542,0.9523,0.9619,0.954,0.8102,9229,462,366,2.42
0.5,0.9564,0.9561,0.9578,0.9545,0.8106,9190,422,405,2.4
0.55,0.9602,0.962,0.9528,0.9551,0.8112,9142,361,453,2.38
0.6,0.9621,0.9658,0.9476,0.9557,0.8116,9092,322,503,2.35
0.65,0.9633,0.9691,0.9408,0.9546,0.8107,9027,288,568,2.33
0.7,0.9656,0.9738,0.9339,0.9546,0.8107,8961,241,634,2.3
0.75,0.9666,0.9781,0.9229,0.9523,0.8087,8855,198,740,2.26
0.8,0.9671,0.9823,0.9107,0.9511,0.8077,8738,157,857,2.22
0.85,0.9666,0.9863,0.8948,0.9458,0.8032,8586,119,1009,2.18
0.9,0.9637,0.9899,0.8715,0.9359,0.7948,8362,85,1233,2.11
0.95,0.9577,0.994,0.8355,0.9197,0.781,8017,48,1578,2.02
