threshold,macro_f05_all,macro_f05_haspos,precision,recall,fp,fn,avg_pred_per_entity,train,eval
0.05,0.7964,0.8526,0.8027,0.9754,2865,294,3.63,India,US
0.1,0.8199,0.8778,0.8399,0.9658,2199,408,3.43,India,US
0.15,0.8316,0.8904,0.8601,0.9574,1861,509,3.32,India,US
0.2,0.8374,0.8965,0.8732,0.9501,1649,596,3.25,India,US
0.25,0.8428,0.9023,0.8851,0.944,1464,669,3.19,India,US
0.3,0.8468,0.9067,0.8962,0.9381,1298,740,3.13,India,US
0.35,0.8492,0.9092,0.904,0.9323,1183,809,3.08,India,US
0.4,0.8518,0.912,0.9113,0.9257,1076,888,3.03,India,US
0.45,0.8526,0.9128,0.9177,0.9179,984,981,2.99,India,US
0.5,0.8555,0.916,0.927,0.9108,857,1066,2.93,India,US
0.55,0.8572,0.9177,0.9358,0.9025,740,1165,2.88,India,US
0.6,0.8574,0.918,0.9427,0.8914,647,1297,2.82,India,US
0.65,0.8565,0.917,0.9499,0.8795,554,1440,2.77,India,US
0.7,0.8571,0.9177,0.9598,0.8657,433,1604,2.69,India,US
0.75,0.8559,0.9164,0.9696,0.8503,318,1788,2.62,India,US
0.8,0.8527,0.9129,0.9799,0.8318,204,2010,2.54,India,US
0.85,0.8433,0.9029,0.9864,0.8055,133,2324,2.44,India,US
0.9,0.8312,0.8899,0.9907,0.7782,87,2650,2.35,India,US
0.95,0.8017,0.8583,0.994,0.7249,52,3287,2.18,India,US
0.05,0.6461,0.7608,0.6607,0.9897,4877,99,3.59,US,India
0.1,0.6776,0.7979,0.719,0.9831,3686,162,3.28,US,India
0.15,0.6962,0.8198,0.7478,0.9773,3163,218,3.13,US,India
0.2,0.7091,0.835,0.7687,0.9717,2806,272,3.03,US,India
0.25,0.7181,0.8456,0.7833,0.9669,2566,318,2.96,US,India
0.3,0.7256,0.8544,0.7963,0.9623,2362,362,2.9,US,India
0.35,0.7318,0.8617,0.8064,0.9586,2208,397,2.85,US,India
0.4,0.7366,0.8673,0.8161,0.9539,2062,442,2.8,US,India
0.45,0.7406,0.872,0.8246,0.9491,1937,488,2.76,US,India
0.5,0.7437,0.8757,0.8334,0.9433,1809,544,2.71,US,India
0.55,0.7469,0.8795,0.8411,0.938,1700,595,2.67,US,India
0.6,0.75,0.8831,0.8492,0.9328,1589,645,2.63,US,India
0.65,0.7521,0.8856,0.856,0.9278,1497,693,2.6,US,India
0.7,0.7551,0.8891,0.8645,0.922,1387,748,2.56,US,India
0.75,0.7576,0.8921,0.873,0.9169,1280,797,2.52,US,India
0.8,0.7602,0.8951,0.8807,0.912,1185,844,2.48,US,India
0.85,0.7642,0.8998,0.8928,0.9052,1043,910,2.43,US,India
0.9,0.7684,0.9048,0.9069,0.8957,882,1001,2.37,US,India
0.95,0.7708,0.9076,0.927,0.873,660,1219,2.26,US,India
