threshold,india_to_us,us_to_india,mean,min,regret_a,regret_b,max_regret
0.05,0.7964,0.6461,0.7212,0.6461,0.061,0.1247,0.1247
0.1,0.8199,0.6776,0.7488,0.6776,0.0375,0.0932,0.0932
0.15,0.8316,0.6962,0.7639,0.6962,0.0258,0.0746,0.0746
0.2,0.8374,0.7091,0.7732,0.7091,0.02,0.0617,0.0617
0.25,0.8428,0.7181,0.7804,0.7181,0.0146,0.0527,0.0527
0.3,0.8468,0.7256,0.7862,0.7256,0.0106,0.0452,0.0452
0.35,0.8492,0.7318,0.7905,0.7318,0.0082,0.039,0.039
0.4,0.8518,0.7366,0.7942,0.7366,0.0056,0.0342,0.0342
0.45,0.8526,0.7406,0.7966,0.7406,0.0048,0.0302,0.0302
0.5,0.8555,0.7437,0.7996,0.7437,0.0019,0.0271,0.0271
0.55,0.8572,0.7469,0.802,0.7469,0.0002,0.0239,0.0239
0.6,0.8574,0.75,0.8037,0.75,0.0,0.0208,0.0208
0.65,0.8565,0.7521,0.8043,0.7521,0.0009,0.0187,0.0187
0.7,0.8571,0.7551,0.8061,0.7551,0.0003,0.0157,0.0157
0.75,0.8559,0.7576,0.8068,0.7576,0.0015,0.0132,0.0132
0.8,0.8527,0.7602,0.8064,0.7602,0.0047,0.0106,0.0106
0.85,0.8433,0.7642,0.8038,0.7642,0.0141,0.0066,0.0141
0.9,0.8312,0.7684,0.7998,0.7684,0.0262,0.0024,0.0262
0.95,0.8017,0.7708,0.7862,0.7708,0.0557,0.0,0.0557
